{"components": ["1_bg.svg", "3_New_Layer_1653412033.8260126.svg", "5_New_Layer_1653412033.8267908.svg", "6_New_Layer_1653412033.8271818.svg", "8_New_Layer_1653412033.8279955.svg", "10_New_Layer_1653412033.8288043.svg", "11_New_Layer_1653412033.8291938.svg", "12_New_Layer_1653412033.8295982.svg", "13_New_Layer_1653412033.8300402.svg", "14_New_Layer_1653412033.8304422.svg", "15_New_Layer_1653412033.8308587.svg", "16_New_Layer_1653412033.83126.svg", "17_New_Layer_1653412033.8316534.svg", "18_New_Layer_1653412033.8320627.svg", "19_New_Layer_1653412033.8324468.svg", "20_New_Layer_1653412033.8328514.svg", "21_New_Layer_1653412033.8332336.svg", "22_New_Layer_1653412033.833643.svg", "23_New_Layer_1653412033.8340306.svg", "24_New_Layer_1653412033.8344343.svg", "25_New_Layer_1653412033.834883.svg", "26_New_Layer_1653412033.835274.svg", "27_New_Layer_1653412033.8356764.svg", "28_New_Layer_1653412033.8360667.svg", "29_New_Layer_1653412033.8364568.svg", "30_New_Layer_1653412033.8368673.svg", "31_New_Layer_1653412033.8372588.svg", "32_New_Layer_1653412033.8376584.svg", "33_New_Layer_1653412033.8380537.svg", "34_New_Layer_1653412033.8384442.svg", "35_New_Layer_1653412033.8388474.svg", "36_New_Layer_1653412033.8392434.svg", "37_New_Layer_1653412033.839644.svg", "38_New_Layer_1653412033.8400552.svg", "39_New_Layer_1653412033.8404567.svg", "40_New_Layer_1653412033.8408651.svg", "41_New_Layer_1653412033.8412547.svg", "42_New_Layer_1653412033.8416631.svg", "43_New_Layer_1653412033.8420546.svg", "44_New_Layer_1653412033.8424532.svg", "45_New_Layer_1653412033.8428571.svg", "46_New_Layer_1653412033.843253.svg", "47_New_Layer_1653412033.8436637.svg", "48_New_Layer_1653412033.8440766.svg", "49_New_Layer_1653412033.8444686.svg", "50_New_Layer_1653412033.8448846.svg", "51_New_Layer_1653412033.8452756.svg", "52_New_Layer_1653412033.8456903.svg", "53_New_Layer_1653412033.8461156.svg", "54_New_Layer_1653412033.8465326.svg", "55_New_Layer_1653412033.8469286.svg"], "components_data": {"1_bg.svg": {"type": "locked", "top": 2.0, "bottom": 2810.0, "left": 0.5, "right": 1440.0, "translate_x": 0.0, "translate_y": 0.0}, "3_New_Layer_1653412033.8260126.svg": {"type": "component", "top": 861.0, "bottom": 987.0, "left": 132.0, "right": 283.0, "translate_x": 0.0, "translate_y": 0.0}, "5_New_Layer_1653412033.8267908.svg": {"type": "component", "top": 861.0, "bottom": 987.0, "left": 389.0, "right": 540.0, "translate_x": 0.0, "translate_y": 0.0}, "6_New_Layer_1653412033.8271818.svg": {"type": "component", "top": 861.0, "bottom": 987.0, "left": 645.0, "right": 796.0, "translate_x": 0.0, "translate_y": 0.0}, "8_New_Layer_1653412033.8279955.svg": {"type": "component", "top": 864.0, "bottom": 990.0, "left": 901.0, "right": 1052.0, "translate_x": 0.0, "translate_y": 0.0}, "10_New_Layer_1653412033.8288043.svg": {"type": "component", "top": 864.0, "bottom": 990.0, "left": 1157.0, "right": 1308.0, "translate_x": 0.0, "translate_y": 0.0}, "11_New_Layer_1653412033.8291938.svg": {"type": "component", "top": 1191.0, "bottom": 1296.0, "left": 146.0, "right": 269.0, "translate_x": 0.0, "translate_y": 0.0}, "12_New_Layer_1653412033.8295982.svg": {"type": "component", "top": 1191.0, "bottom": 1296.0, "left": 403.0, "right": 526.0, "translate_x": 0.0, "translate_y": 0.0}, "13_New_Layer_1653412033.8300402.svg": {"type": "component", "top": 1191.0, "bottom": 1296.0, "left": 659.0, "right": 782.0, "translate_x": 0.0, "translate_y": 0.0}, "14_New_Layer_1653412033.8304422.svg": {"type": "component", "top": 1194.0, "bottom": 1299.0, "left": 915.0, "right": 1038.0, "translate_x": 0.0, "translate_y": 0.0}, "15_New_Layer_1653412033.8308587.svg": {"type": "component", "top": 1194.0, "bottom": 1299.0, "left": 1171.0, "right": 1294.0, "translate_x": 0.0, "translate_y": 0.0}, "16_New_Layer_1653412033.83126.svg": {"type": "component", "top": 2381.0, "bottom": 2423.0, "left": 156.0, "right": 198.0, "translate_x": 0.0, "translate_y": 0.0}, "17_New_Layer_1653412033.8316534.svg": {"type": "component", "top": 2381.0, "bottom": 2423.0, "left": 218.0, "right": 260.0, "translate_x": 0.0, "translate_y": 0.0}, "18_New_Layer_1653412033.8320627.svg": {"type": "component", "top": 2381.0, "bottom": 2423.0, "left": 412.0, "right": 454.0, "translate_x": 0.0, "translate_y": 0.0}, "19_New_Layer_1653412033.8324468.svg": {"type": "component", "top": 2381.0, "bottom": 2423.0, "left": 474.0, "right": 516.0, "translate_x": 0.0, "translate_y": 0.0}, "20_New_Layer_1653412033.8328514.svg": {"type": "component", "top": 2381.0, "bottom": 2423.0, "left": 668.0, "right": 710.0, "translate_x": 0.0, "translate_y": 0.0}, "21_New_Layer_1653412033.8332336.svg": {"type": "component", "top": 2381.0, "bottom": 2423.0, "left": 730.0, "right": 772.0, "translate_x": 0.0, "translate_y": 0.0}, "22_New_Layer_1653412033.833643.svg": {"type": "component", "top": 2384.0, "bottom": 2426.0, "left": 924.0, "right": 966.0, "translate_x": 0.0, "translate_y": 0.0}, "23_New_Layer_1653412033.8340306.svg": {"type": "component", "top": 2384.0, "bottom": 2426.0, "left": 986.0, "right": 1028.0, "translate_x": 0.0, "translate_y": 0.0}, "24_New_Layer_1653412033.8344343.svg": {"type": "component", "top": 2384.0, "bottom": 2426.0, "left": 1180.0, "right": 1222.0, "translate_x": 0.0, "translate_y": 0.0}, "25_New_Layer_1653412033.834883.svg": {"type": "component", "top": 2384.0, "bottom": 2426.0, "left": 1242.0, "right": 1284.0, "translate_x": 0.0, "translate_y": 0.0}, "26_New_Layer_1653412033.835274.svg": {"type": "component", "top": 493.62, "bottom": 558.62, "left": 140.0, "right": 275.0, "translate_x": 0.0, "translate_y": 0.0}, "27_New_Layer_1653412033.8356764.svg": {"type": "component", "top": 493.62, "bottom": 558.62, "left": 397.0, "right": 531.0, "translate_x": 0.0, "translate_y": 0.0}, "28_New_Layer_1653412033.8360667.svg": {"type": "component", "top": 493.62, "bottom": 558.62, "left": 653.0, "right": 787.0, "translate_x": 0.0, "translate_y": 0.0}, "29_New_Layer_1653412033.8364568.svg": {"type": "component", "top": 496.6, "bottom": 561.6, "left": 909.0, "right": 1043.0, "translate_x": 0.0, "translate_y": 0.0}, "30_New_Layer_1653412033.8368673.svg": {"type": "component", "top": 496.6, "bottom": 561.6, "left": 1165.0, "right": 1299.0, "translate_x": 0.0, "translate_y": 0.0}, "31_New_Layer_1653412033.8372588.svg": {"type": "component", "top": 590.88, "bottom": 655.88, "left": 140.0, "right": 275.0, "translate_x": 0.0, "translate_y": 0.0}, "32_New_Layer_1653412033.8376584.svg": {"type": "component", "top": 590.88, "bottom": 655.88, "left": 397.0, "right": 531.0, "translate_x": 0.0, "translate_y": 0.0}, "33_New_Layer_1653412033.8380537.svg": {"type": "component", "top": 590.88, "bottom": 655.88, "left": 653.0, "right": 787.0, "translate_x": 0.0, "translate_y": 0.0}, "34_New_Layer_1653412033.8384442.svg": {"type": "component", "top": 590.88, "bottom": 655.88, "left": 909.0, "right": 1043.0, "translate_x": 0.0, "translate_y": 0.0}, "35_New_Layer_1653412033.8388474.svg": {"type": "component", "top": 590.88, "bottom": 655.88, "left": 1165.0, "right": 1299.0, "translate_x": 0.0, "translate_y": 0.0}, "36_New_Layer_1653412033.8392434.svg": {"type": "component", "top": 1524.31, "bottom": 1664.69, "left": 137.31, "right": 277.69, "translate_x": 0.0, "translate_y": 0.0}, "37_New_Layer_1653412033.839644.svg": {"type": "component", "top": 1724.31, "bottom": 1864.69, "left": 137.31, "right": 277.69, "translate_x": 0.0, "translate_y": 0.0}, "38_New_Layer_1653412033.8400552.svg": {"type": "component", "top": 1524.31, "bottom": 1664.69, "left": 394.31, "right": 534.69, "translate_x": 0.0, "translate_y": 0.0}, "39_New_Layer_1653412033.8404567.svg": {"type": "component", "top": 1724.31, "bottom": 1864.69, "left": 394.31, "right": 534.69, "translate_x": 0.0, "translate_y": 0.0}, "40_New_Layer_1653412033.8408651.svg": {"type": "component", "top": 1524.31, "bottom": 1664.69, "left": 650.31, "right": 790.69, "translate_x": 0.0, "translate_y": 0.0},