{"components": ["1_bg.svg", "2_New_Layer_1653412796.9154258.svg", "3_New_Layer_1653412796.9239464.svg", "4_New_Layer_1653412796.924353.svg", "5_New_Layer_1653412796.9247704.svg", "6_New_Layer_1653412796.9251873.svg", "7_New_Layer_1653412796.9255967.svg", "8_New_Layer_1653412796.926017.svg", "9_New_Layer_1653412796.9264178.svg", "10_New_Layer_1653412796.9268305.svg", "11_New_Layer_1653412796.927238.svg", "12_New_Layer_1653412796.92765.svg", "13_New_Layer_1653412796.9280832.svg", "14_New_Layer_1653412796.9285076.svg", "15_New_Layer_1653412796.92895.svg", "16_New_Layer_1653412796.9293911.svg", "17_New_Layer_1653412796.9298368.svg", "18_New_Layer_1653412796.930258.svg", "19_New_Layer_1653412796.9307015.svg", "20_New_Layer_1653412796.931129.svg", "21_New_Layer_1653412796.9315677.svg", "22_New_Layer_1653412796.9320116.svg", "23_New_Layer_1653412796.9324358.svg", "24_New_Layer_1653412796.932869.svg", "25_New_Layer_1653412796.9332936.svg", "26_New_Layer_1653412796.9337292.svg", "27_New_Layer_1653412796.9341605.svg", "28_New_Layer_1653412796.9345963.svg", "29_New_Layer_1653412796.9350386.svg", "30_New_Layer_1653412796.935464.svg", "31_New_Layer_1653412796.9358976.svg"], "components_data": {"1_bg.svg": {"type": "locked", "top": 2.0, "bottom": 2037.0, "left": 0.5, "right": 1440.0, "translate_x": 0.0, "translate_y": 0.0}, "2_New_Layer_1653412796.9154258.svg": {"type": "component", "top": 1440.0, "bottom": 1534.0, "left": 115.0, "right": 300.0, "translate_x": 0.0, "translate_y": 0.0}, "3_New_Layer_1653412796.9239464.svg": {"type": "component", "top": 1440.0, "bottom": 1534.0, "left": 372.0, "right": 557.0, "translate_x": 0.0, "translate_y": 0.0}, "4_New_Layer_1653412796.924353.svg": {"type": "component", "top": 1440.0, "bottom": 1534.0, "left": 628.0, "right": 813.0, "translate_x": 0.0, "translate_y": 0.0}, "5_New_Layer_1653412796.9247704.svg": {"type": "component", "top": 1440.0, "bottom": 1534.0, "left": 1132.0, "right": 1317.0, "translate_x": 0.0, "translate_y": 0.0}, "6_New_Layer_1653412796.9251873.svg": {"type": "component", "top": 1440.0, "bottom": 1534.0, "left": 884.0, "right": 1069.0, "translate_x": 0.0, "translate_y": 0.0}, "7_New_Layer_1653412796.9255967.svg": {"type": "component", "top": 1671.0, "bottom": 1737.0, "left": 92.0, "right": 321.0, "translate_x": 0.0, "translate_y": 0.0}, "8_New_Layer_1653412796.926017.svg": {"type": "component", "top": 1671.0, "bottom": 1737.0, "left": 348.0, "right": 577.0, "translate_x": 0.0, "translate_y": 0.0}, "9_New_Layer_1653412796.9264178.svg": {"type": "component", "top": 1671.0, "bottom": 1737.0, "left": 604.0, "right": 833.0, "translate_x": 0.0, "translate_y": 0.0}, "10_New_Layer_1653412796.9268305.svg": {"type": "component", "top": 1671.0, "bottom": 1737.0, "left": 860.0, "right": 1089.0, "translate_x": 0.0, "translate_y": 0.0}, "11_New_Layer_1653412796.927238.svg": {"type": "component", "top": 1677.0, "bottom": 1741.0, "left": 1115.0, "right": 1342.0, "translate_x": 0.0, "translate_y": 0.0}, "12_New_Layer_1653412796.92765.svg": {"type": "component", "top": 947.0, "bottom": 1068.48, "left": 1112.0, "right": 1289.0, "translate_x": 0.0, "translate_y": 0.0}, "13_New_Layer_1653412796.9280832.svg": {"type": "component", "top": 933.52, "bottom": 1055.0, "left": 789.0, "right": 966.0, "translate_x": 0.0, "translate_y": 0.0}, "14_New_Layer_1653412796.9285076.svg": {"type": "component", "top": 1138.0, "bottom": 1259.49, "left": 1112.0, "right": 1289.0, "translate_x": 0.0, "translate_y": 0.0}, "15_New_Layer_1653412796.92895.svg": {"type": "component", "top": 1124.51, "bottom": 1246.0, "left": 789.0, "right": 966.0, "translate_x": 0.0, "translate_y": 0.0}, "16_New_Layer_1653412796.9293911.svg": {"type": "component", "top": 461.0, "bottom": 582.48, "left": 1112.0, "right": 1289.0, "translate_x": 0.0, "translate_y": 0.0}, "17_New_Layer_1653412796.9298368.svg": {"type": "component", "top": 461.0, "bottom": 568.83, "left": 145.52, "right": 336.0, "translate_x": 0.0, "translate_y": 0.0}, "18_New_Layer_1653412796.930258.svg": {"type": "component", "top": 447.52, "bottom": 569.0, "left": 789.0, "right": 966.0, "translate_x": 0.0, "translate_y": 0.0}, "19_New_Layer_1653412796.9307015.svg": {"type": "component", "top": 619.0, "bottom": 740.48, "left": 1112.0, "right": 1289.0, "translate_x": 0.0, "translate_y": 0.0}, "20_New_Layer_1653412796.931129.svg": {"type": "component", "top": 605.52, "bottom": 727.0, "left": 789.0, "right": 966.0, "translate_x": 0.0, "translate_y": 0.0}, "21_New_Layer_1653412796.9315677.svg": {"type": "component", "top": 777.0, "bottom": 898.48, "left": 1112.0, "right": 1289.0, "translate_x": 0.0, "translate_y": 0.0}, "22_New_Layer_1653412796.9320116.svg": {"type": "component", "top": 763.52, "bottom": 885.0, "left": 789.0, "right": 966.0, "translate_x": 0.0, "translate_y": 0.0}, "23_New_Layer_1653412796.9324358.svg": {"type": "component", "top": 461.0, "bottom": 568.83, "left": 464.0, "right": 654.48, "translate_x": 0.0, "translate_y": 0.0}, "24_New_Layer_1653412796.932869.svg": {"type": "component", "top": 619.0, "bottom": 726.83, "left": 464.0, "right": 654.48, "translate_x": 0.0, "translate_y": 0.0}, "25_New_Layer_1653412796.9332936.svg": {"type": "component", "top": 777.0, "bottom": 884.83, "left": 464.0, "right": 654.48, "translate_x": 0.0, "translate_y": 0.0}, "26_New_Layer_1653412796.9337292.svg": {"type": "component", "top": 947.0, "bottom": 1054.83, "left": 464.0, "right": 654.48, "translate_x": 0.0, "translate_y": 0.0}, "27_New_Layer_1653412796.9341605.svg": {"type": "component", "top": 1138.0, "bottom": 1245.83, "left": 464.0, "right": 654.48, "translate_x": 0.0, "translate_y": 0.0}, "28_New_Layer_1653412796.9345963.svg": {"type": "component", "top": 619.0, "bottom": 726.83, "left": 145.52, "right": 336.0, "translate_x": 0.0, "translate_y": 0.0}, "29_New_Layer_1653412796.9350386.svg": {"type": "component", "top": 777.0, "bottom": 884.83, "left": 145.52, "right": 336.0, "translate_x": 0.0, "translate_y": 0.0}, "30_New_Layer_1653412796.935464.svg": {"type": "component", "top": 947.0, "bottom": 1054.83, "left": 145.52, "right": 336.0, "translate_x": 0.0, "translate_y": 0.0}, "31_New_Layer_1653412796.9358976.svg": {"type": "component", "top": 1138.0, "bottom": 1246.0, "left": 145.52, "right": 336.0, "translate_x": 0.0, "translate_y": 0.0}}}