{"components": ["1_bg.svg", "2_New_Layer_1653410654.1152923.svg", "3_New_Layer_1653410654.1167636.svg", "4_New_Layer_1653410654.1171365.svg", "5_New_Layer_1653410654.117513.svg", "6_New_Layer_1653410654.1178916.svg", "7_New_Layer_1653410654.118259.svg", "8_New_Layer_1653410654.1186223.svg", "9_New_Layer_1653410654.1189964.svg", "10_New_Layer_1653410654.1193626.svg", "11_New_Layer_1653410654.11974.svg", "12_New_Layer_1653410654.120102.svg", "13_New_Layer_1653410654.1204672.svg", "14_New_Layer_1653410654.120843.svg", "15_New_Layer_1653410654.1212091.svg", "16_New_Layer_1653410654.121573.svg", "17_New_Layer_1653410654.1219501.svg", "18_New_Layer_1653410654.1223161.svg", "19_New_Layer_1653410654.1226947.svg", "20_New_Layer_1653410654.123058.svg", "21_New_Layer_1653410654.1234233.svg", "22_New_Layer_1653410654.123799.svg", "23_New_Layer_1653410654.1241615.svg", "24_New_Layer_1653410654.1245248.svg", "25_New_Layer_1653410654.1248991.svg", "26_New_Layer_1653410654.1252644.svg", "27_New_Layer_1653410654.1256292.svg", "28_New_Layer_1653410654.1260042.svg", "29_New_Layer_1653410654.1263652.svg", "30_New_Layer_1653410654.1267517.svg", "31_New_Layer_1653410654.1271162.svg", "32_New_Layer_1653410654.1274831.svg", "33_New_Layer_1653410654.127868.svg", "34_New_Layer_1653410654.128235.svg", "35_New_Layer_1653410654.1286016.svg", "36_New_Layer_1653410654.1289804.svg", "37_New_Layer_1653410654.1293468.svg", "38_New_Layer_1653410654.1297243.svg", "39_New_Layer_1653410654.130091.svg", "40_New_Layer_1653410654.1304576.svg", "41_New_Layer_1653410654.1308331.svg", "42_New_Layer_1653410654.1312022.svg", "43_New_Layer_1653410654.1315691.svg", "44_New_Layer_1653410654.131948.svg", "45_New_Layer_1653410654.132313.svg", "46_New_Layer_1653410654.132691.svg"], "components_data": {"1_bg.svg": {"type": "locked", "top": 2.0, "bottom": 1925.0, "left": 0.5, "right": 1440.0, "translate_x": 0.0, "translate_y": 0.0}, "2_New_Layer_1653410654.1152923.svg": {"type": "component", "top": 914.97, "bottom": 933.0, "left": 865.0, "right": 875.0, "translate_x": 0.0, "translate_y": 0.0}, "3_New_Layer_1653410654.1167636.svg": {"type": "component", "top": 915.37, "bottom": 931.72, "left": 1192.0, "right": 1201.55, "translate_x": 0.0, "translate_y": 0.0}, "4_New_Layer_1653410654.1171365.svg": {"type": "component", "top": 918.0, "bottom": 929.0, "left": 232.0, "right": 243.0, "translate_x": 0.0, "translate_y": 0.0}, "5_New_Layer_1653410654.117513.svg": {"type": "component", "top": 918.0, "bottom": 929.0, "left": 538.0, "right": 549.0, "translate_x": 0.0, "translate_y": 0.0}, "6_New_Layer_1653410654.1178916.svg": {"type": "component", "top": 974.97, "bottom": 993.0, "left": 865.0, "right": 875.0, "translate_x": 0.0, "translate_y": 0.0}, "7_New_Layer_1653410654.118259.svg": {"type": "component", "top": 975.37, "bottom": 991.72, "left": 1192.0, "right": 1201.55, "translate_x": 0.0, "translate_y": 0.0}, "8_New_Layer_1653410654.1186223.svg": {"type": "component", "top": 978.0, "bottom": 989.0, "left": 232.0, "right": 243.0, "translate_x": 0.0, "translate_y": 0.0}, "9_New_Layer_1653410654.1189964.svg": {"type": "component", "top": 978.0, "bottom": 989.0, "left": 538.0, "right": 549.0, "translate_x": 0.0, "translate_y": 0.0}, "10_New_Layer_1653410654.1193626.svg": {"type": "component", "top": 1030.97, "bottom": 1049.0, "left": 865.0, "right": 875.0, "translate_x": 0.0, "translate_y": 0.0}, "11_New_Layer_1653410654.11974.svg": {"type": "component", "top": 1031.37, "bottom": 1047.72, "left": 1192.0, "right": 1201.55, "translate_x": 0.0, "translate_y": 0.0}, "12_New_Layer_1653410654.120102.svg": {"type": "component", "top": 1034.0, "bottom": 1045.0, "left": 232.0, "right": 243.0, "translate_x": 0.0, "translate_y": 0.0}, "13_New_Layer_1653410654.1204672.svg": {"type": "component", "top": 1034.0, "bottom": 1045.0, "left": 538.0, "right": 549.0, "translate_x": 0.0, "translate_y": 0.0}, "14_New_Layer_1653410654.120843.svg": {"type": "component", "top": 1086.97, "bottom": 1105.0, "left": 865.0, "right": 875.0, "translate_x": 0.0, "translate_y": 0.0}, "15_New_Layer_1653410654.1212091.svg": {"type": "component", "top": 1087.37, "bottom": 1103.72, "left": 1192.0, "right": 1201.55, "translate_x": 0.0, "translate_y": 0.0}, "16_New_Layer_1653410654.121573.svg": {"type": "component", "top": 1090.0, "bottom": 1101.0, "left": 232.0, "right": 243.0, "translate_x": 0.0, "translate_y": 0.0}, "17_New_Layer_1653410654.1219501.svg": {"type": "component", "top": 1090.0, "bottom": 1101.0, "left": 538.0, "right": 549.0, "translate_x": 0.0, "translate_y": 0.0}, "18_New_Layer_1653410654.1223161.svg": {"type": "component", "top": 1142.97, "bottom": 1161.0, "left": 865.0, "right": 875.0, "translate_x": 0.0, "translate_y": 0.0}, "19_New_Layer_1653410654.1226947.svg": {"type": "component", "top": 1143.37, "bottom": 1159.72, "left": 1192.0, "right": 1201.55, "translate_x": 0.0, "translate_y": 0.0}, "20_New_Layer_1653410654.123058.svg": {"type": "component", "top": 1146.0, "bottom": 1157.0, "left": 232.0, "right": 243.0, "translate_x": 0.0, "translate_y": 0.0}, "21_New_Layer_1653410654.1234233.svg": {"type": "component", "top": 1146.0, "bottom": 1157.0, "left": 538.0, "right": 549.0, "translate_x": 0.0, "translate_y": 0.0}, "22_New_Layer_1653410654.123799.svg": {"type": "component", "top": 1413.0, "bottom": 1548.0, "left": 152.0, "right": 244.5, "translate_x": 0.0, "translate_y": 0.0}, "23_New_Layer_1653410654.1241615.svg": {"type": "component", "top": 1393.0, "bottom": 1528.0, "left": 172.0, "right": 264.5, "translate_x": 0.0, "translate_y": 0.0}, "24_New_Layer_1653410654.1245248.svg": {"type": "component", "top": 1413.0, "bottom": 1548.0, "left": 406.0, "right": 498.5, "translate_x": 0.0, "translate_y": 0.0}, "25_New_Layer_1653410654.1248991.svg": {"type": "component", "top": 1393.0, "bottom": 1528.0, "left": 430.0, "right": 522.5, "translate_x": 0.0, "translate_y": 0.0}, "26_New_Layer_1653410654.1252644.svg": {"type": "component", "top": 1413.0, "bottom": 1548.0, "left": 665.0, "right": 757.5, "translate_x": 0.0, "translate_y": 0.0}, "27_New_Layer_1653410654.1256292.svg": {"type": "component", "top": 1393.0, "bottom": 1528.0, "left": 683.0, "right": 775.5, "translate_x": 0.0, "translate_y": 0.0}, "28_New_Layer_1653410654.1260042.svg": {"type": "component", "top": 1413.0, "bottom": 1548.0, "left": 920.0, "right": 1012.5, "translate_x": 0.0, "translate_y": 0.0}, "29_New_Layer_1653410654.1263652.svg": {"type": "component", "top": 1393.0, "bottom": 1528.0, "left": 939.0, "right": 1031.5, "translate_x": 0.0, "translate_y": 0.0}, "30_New_Layer_1653410654.1267517.svg": {"type": "component", "top": 1413.0, "bottom": 1548.0, "left": 1176.0, "right": 1268.5, "translate_x": 0.0, "translate_y": 0.0}, "31_New_Layer_1653410654.1271162.svg": {"type": "component", "top": 1393.0, "bottom": 1528.0, "left": 1196.0, "right": 1288.5, "translate_x": 0.0, "translate_y": 0.0}, "32_New_Layer_1653410654.1274831.svg": {"type": "component", "top": 488.0, "bottom": 533.0, "left": 134.0, "right": 282.0, "translate_x": 0.0, "translate_y": 0.0}, "33_New_Layer_1653410654.127868.svg": {"type": "component", "top": 488.0, "bottom": 533.0, "left": 390.0, "right": 538.0, "translate_x": 0.0, "translate_y": 0.0}, "34_New_Layer_1653410654.128235.svg": {"type": "component", "top": 488.0, "bottom": 533.0, "left": 646.0, "right": 794.0, "translate_x": 0.0, "translate_y": 0.0}, "35_New_Layer_1653410654.1286016.svg": {"type": "component", "top": 488.0, "bottom": 533.0, "left": 902.0, "right": 1050.0, "translate_x": 0.0, "translate_y": 0.0}, "36_New_Layer_1653410654.1289804.svg": {"type": "component", "top": 488.0, "bottom": 533.0, "left": 1158.0, "right": 1306.0, "translate_x": 0.0, "translate_y": 0.0}, "37_New_Layer_1653410654.1293468.svg": {"type": "component", "top": 626.0, "bottom": 671.0, "left": 134.0, "right": 282.0, "translate_x": 0.0, "translate_y": 0.0}, "38_New_Layer_1653410654.1297243.svg": {"type": "component", "top": 626.0, "bottom": 671.0, "left": 390.0,